theta,victim_fidelity,baseline_x_expectation,attacked_x_expectation,z_zero_probability
0.0,1.0,0.0,0.0,1.0
0.007853981633974483,0.999969158120415,0.007853900888711334,0.0,0.9999845788223948
0.015707963267948967,0.9998766400914327,0.015707317311820675,0.0,0.9999383162408302
0.02356194490192345,0.9997224687404924,0.023559764833610157,0.0,0.9998612151090003
0.031415926535897934,0.9995066821070678,0.03141075907812829,0.0,0.9997532801828658
0.039269908169872414,0.9992293334332818,0.0392598157590686,0.0,0.9996145181203614
0.0471238898038469,0.99889049115077,0.04710645070964266,0.0,0.999444937480985
0.05497787143782139,0.9984902388637947,0.05495017991244575,0.0,0.9992445487252689
0.06283185307179587,0.9980286753286196,0.06279051952931337,0.0,0.9990133642141359
0.07068583470577035,0.9975059144291393,0.07062698593116669,0.0,0.998751398208135
0.07853981633974483,0.9969220851487843,0.07845909572784494,0.0,0.9984586668665639
0.08639379797371932,0.9962773315386936,0.08628636579792338,0.0,0.9981351882464706
0.0942477796076938,0.9955718126821723,0.09410831331851433,0.0,0.9977809823015401
0.10210176124166828,0.9948057026554413,0.10192445579505004,0.0,0.9973960708808631
0.10995574287564278,0.9939791904846869,0.10973431109104528,0.0,0.9969804777275898
0.11780972450961726,0.9930924800994193,0.11753739745783766,0.0,0.9965342284774632
0.12566370614359174,0.9921457902821578,0.12533323356430423,0.0,0.9960573506572389
0.13351768777756623,0.9911393546144496,0.1331213385265524,0.0,0.9955498736829874
0.1413716694115407,0.9900734214192356,0.14090123193758264,0.0,0.9950118288582787
0.1492256510455152,0.9889482536995825,0.148672433896923,0.0,0.9944432493722523
0.15707963267948966,0.9877641290737883,0.15643446504023087,0.0,0.9938441702975689
0.16493361431346415,0.9865213397068866,0.16418684656886295,0.0,0.9932146285882478
0.17278759594743864,0.9852201922385563,0.17192910027940955,0.0,0.9925546630773869
0.1806415775814131,0.9838610077074669,0.17966074859319253,0.0,0.991864314474768
0.1884955592153876,0.9824441214720627,0.18738131458572463,0.0,0.9911436253643443
0.1963495408493621,0.9809698831278219,0.1950903220161283,0.0,0.9903926402016153
0.20420352248333656,0.9794386564209953,0.2027872953565125,0.0,0.9896114053108829
0.21205750411731106,0.9778508191588613,0.21047175982130567,0.0,0.9887999688823953
0.21991148575128555,0.976206763116505,0.2181432413965426,0.0,0.9879583809693737
0.22776546738526002,0.9745068939401541,0.2258012668691037,0.0,0.9870866934849247
0.2356194490192345,0.972751631047092,0.23344536385590545,0.0,0.9861849601988383
0.24347343065320898,0.9709414075221732,0.24107506083303865,0.0,0.9852532367342711
0.25132741228718347,0.9690766700109661,0.24868988716485482,0.0,0.9842915805643156
0.25918139392115797,0.9671578786095476,0.2562893731329966,0.0,0.9833000510084535
0.26703537555513246,0.965185506750986,0.2638730499653729,0.0,0.9822787092288991
0.2748893571891069,0.9631600410885232,0.2714404498650742,0.0,0.9812276182268237
0.2827433388230814,0.9610819813755037,0.2789911060392293,0.0,0.9801468428384714
0.2905973204570559,0.9589518403420676,0.2865245527277983,0.0,0.9790364497311596
0.2984513020910304,0.9567701435686407,0.294040325232304,0.0,0.9778965073991651
0.3063052837250049,0.9545374293562556,0.30153795994449567,0.0,0.9767270861595005
0.3141592653589793,0.952254248593737,0.30901699437494745,0.0,0.9755282581475768
0.3220132469929538,0.9499211646217726,0.3164769671815861,0.0,0.9743000973127524
0.3298672286269283,0.9475387530939224,0.3239174181981494,0.0,0.9730426794137725
0.3377212102609028,0.9451076018345824,0.331337888462571,0.0,0.9717560820140968
0.3455751918948773,0.9426283106939471,0.33873792024529137,0.0,0.9704403844771127
0.3534291735288518,0.9401014914000075,0.346117057077493,0.0,0.969095667961242
0.3612831551628262,0.9375277674076151,0.35347484377925714,0.0,0.9677220154149337
0.3691371367968007,0.9349077737446523,0.3608108264876418,0.0,0.9663195115715469
0.3769911184307752,0.9322421568553529,0.368124552684678,0.0,0.9648882429441258
0.3848451000647497,0.9295315744407974,0.37541557122528313,0.0,0.9634282978200605
0.3926990816987242,0.9267766952966368,0.3826834323650898,0.0,0.9619397662556434
0.40055306333269863,0.9239781991480784,0.38992768778818826,0.0,0.9604227400705131
0.4084070449666731,0.9211367764821721,0.3971478906347806,0.0,0.9588773128419905
0.4162610266006476,0.9182531283774436,0.40434359552874505,0.0,0.9573035798993069
0.4241150082346221,0.915327966330913,0.4115143586051088,0.0,0.9557016383177227
0.4319689898685966,0.9123620120825457,0.41865973753742813,0.0,0.9540715869125406
0.4398229715025711,0.9093559974371725,0.4257792915650727,0.0,0.9524135262330098
0.44767695313654554,0.9063106640839265,0.43287258152041397,0.0,0.9507275585561229
0.45553093477052004,0.9032267634132441,0.4399391698559152,0.0,0.9490137878803079
0.46338491640449453,0.9001050563314711,0.4469786206711211,0.0,0.9472723199190125
0.471238898038469,0.8969463130731181,0.4539904997395468,0.0,0.9455032620941839
0.4790928796724435,0.8937513130108198,0.4609743745354624,0.0,0.9437067235296417
0.48694686130641796,0.8905208444630327,0.46792981426057334,0.0,0.9418828150443467
0.49480084294039245,0.8872557044995328,0.4748563898705946,0.0,0.9400316491455659
0.5026548245743669,0.883956698744749,0.48175367410171527,0.0,0.9381533400219317
0.5105088062083414,0.8806246411789871,0.4886212414969549,0.0,0.9362480035363985
0.5183627878423159,0.8772603539375927,0.49545866843240755,0.0,0.9343157572190955
0.5262167694762904,0.8738646671081018,0.5022655331433725,0.0,0.9323567202600775
0.5340707511102649,0.8704384185254288,0.5090414157503713,0.0,0.9303710135019718
0.5419247327442394,0.8669824535651434,0.5157858982850475,0.0,0.9283587594325248
0.5497787143782138,0.8634976249348867,0.5224985647159489,0.0,0.9263200821770461
0.5576326960121883,0.8599847924639786,0.5291790009741907,0.0,0.9242551074907517
0.5654866776461628,0.8564448228912682,0.5358267949789967,0.0,0.9221639627510075
0.5733406592801373,0.8528785896512773,0.5424415366631189,0.0,0.920046776949471
0.5811946409141118,0.8492869726586953,0.5490228179981318,0.0,0.9179036806841352
0.5890486225480862,0.8456708580912723,0.5555702330196022,0.0,0.9157348061512726
0.5969026041820608,0.8420311381711695,0.5620833778521307,0.0,0.9135402871372809
0.6047565858160352,0.8383687109448145,0.568561850734264,0.0,0.9113202590104299
0.6126105674500097,0.8346844800613228,0.5750052520432786,0.0,0.9090748587125116
0.6204645490839842,0.8309793545495372,0.5814131843198306,0.0,0.9068042247503935
0.6283185307179586,0.8272542485937368,0.587785252292473,0.0,0.9045084971874736
0.6361725123519332,0.8235100813080758,0.5941210629020385,0.0,0.9021878176350422
0.6440264939859076,0.8197477765098072,0.6004202253258841,0.0,0.8998423292435452
0.6518804756198822,0.815968262491343,0.6066823510019997,0.0,0.8974721766937549
0.6597344572538566,0.8121724717912137,0.6129070536529765,0.0,0.8950775061878451
0.6675884388878311,0.8083613409639765,0.6190939493098341,0.0,0.8926584654403725
0.6754424205218056,0.8045358103491357,0.6252426563357052,0.0,0.890215203669165
0.68329640215578,0.800696823839128,0.6313527954493776,0.0,0.8877478715861171
0.6911503837897546,0.7968453286464311,0.6374239897486897,0.0,0.8852566213878946
0.699004365423729,0.7929822750698525,0.6434558647337789,0.0,0.8827416067465441
0.7068583470577036,0.7891086162600578,0.6494480483301838,0.0,0.8802029828000155
0.714712328691678,0.7852253079843956,0.6554001709117939,0.0,0.8776409061425917
0.7225663103256524,0.7813333083910762,0.6613118653236519,0.0,0.8750555348152299
0.730420291959627,0.7774335777727613,0.6671827669045997,0.0,0.8724470282958111
0.7382742735936014,0.7735270783296285,0.6730125135097733,0.0,0.8698155474893048
0.746128255227576,0.7696147739319612,0.6788007455329418,0.0,0.8671612547178428
0.7539822368615504,0.7656976298823281,0.6845471059286886,0.0,0.8644843137107057
0.7618362184955249,0.7617766126774107,0.6902512402344371,0.0,0.8617848895942247
0.7696902001294994,0.757852689769532,0.6959127965923143,0.0,0.8590631488815944
0.7775441817634738,0.7539268293279552,0.7015314257708558,0.0,0.8563192594626028
0.7853981633974484,0.75,0.7071067811865476,0.0,0.8535533905932737
0.7932521450314228,0.7460731706720449,0.7126385189252054,0.0,0.8507657128854279
0.8011061266653973,0.7421473102304681,0.7181262977631888,0.0,0.8479563982961572
0.8089601082993718,0.7382233873225893,0.7235697791884494,0.0,0.8451256201172186
0.8168140899333463,0.7343023701176716,0.7289686274214116,0.0,0.8422735529643444
0.8246680715673208,0.7303852260680387,0.7343225094356856,0.0,0.8394003727664707
0.8325220532012952,0.7264729216703716,0.7396310949786097,0.0,0.8365062567548868
0.8403760348352697,0.7225664222272385,0.744894056591622,0.0,0.8335913834522998
0.8482300164692442,0.718666691608924,0.7501110696304597,0.0,0.830655932661826
0.8560839981032187,0.7147746920156043,0.7552818122851835,0.0,0.8277000854558969
0.8639379797371932,0.7108913837399421,0.7604059656000309,0.0,0.8247240241650917
0.8717919613711677,0.7070177249301478,0.7654832134930882,0.0,0.8217279323668896
0.8796459430051422,0.7031546713535687,0.7705132427757893,0.0,0.8187119948743448
0.8874999246391166,0.6993031761608719,0.7754957431722346,0.0,0.8156763977246888
0.8953539062730911,0.6954641896508644,0.7804304073383298,0.0,0.8126213281678526
0.9032078879070656,0.6916386590360235,0.785316930880745,0.0,0.8095469746549169
0.9110618695410401,0.6878275282087863,0.7901550123756904,0.0,0.8064535268264883
0.9189158511750146,0.6840317375086569,0.7949443533875101,0.0,0.8033411755009999
0.9267698328089891,0.6802522234901929,0.7996846584870907,0.0,0.8002101126629421
0.9346238144429635,0.676489918691924,0.8043756352700845,0.0,0.7970605314510192
0.942477796076938,0.6727457514062632,0.8090169943749475,0.0,0.7938926261462367
0.9503317777109125,0.6690206454504627,0.813608449500787,0.0,0.7907065921599153
0.958185759344887,0.665315519938677,0.8181497174250235,0.0,0.7875026260216391
0.9660397409788615,0.6616312890551856,0.8226405180208598,0.0,0.7842809253671319
0.9738937226128359,0.6579688618288306,0.8270805742745619,0.0,0.7810416889260654
0.9817477042468105,0.6543291419087277,0.8314696123025453,0.0,0.7777851165098012
0.9896016858807849,0.6507130273413049,0.8358073613682703,0.0,0.7745114089990659
0.9974556675147594,0.6471214103487227,0.840093553898942,0.0,0.7712207683315594
1.0053096491487339,0.6435551771087319,0.8443279255020152,0.0,0.7679133974894983
1.0131636307827083,0.6400152075360213,0.8485102149815037,0.0,0.7645895004870953
1.0210176124166828,0.6365023750651135,0.8526401643540922,0.0,0.7612492823579745
1.0288715940506574,0.6330175464348565,0.8567175188650498,0.0,0.7578929491425236
1.0367255756846319,0.6295615814745711,0.8607420270039436,0.0,0.7545207078751855
1.0445795573186063,0.6261353328918979,0.8647134405201551,0.0,0.7511327665716862
1.0524335389525807,0.6227396460624072,0.8686315144381913,0.0,0.7477293342162038
1.0602875205865552,0.6193753588210128,0.8724960070727971,0.0,0.7443106207484775
1.0681415022205298,0.6160433012552509,0.8763066800438636,0.0,0.7408768370508576
1.0759954838545043,0.612744295500467,0.8800632982911321,0.0,0.7374281949352972
1.0838494654884787,0.6094791555369674,0.8837656300886936,0.0,0.7339649071302867
1.0917034471224532,0.6062486869891804,0.8874134470592834,0.0,0.7304871872677312
1.0995574287564276,0.6030536869268815,0.8910065241883677,0.0,0.7269952498697734
1.1074114103904023,0.599894943668529,0.8945446398380251,0.0,0.7234893103355605
1.1152653920243767,0.596773236586756,0.8980275757606158,0.0,0.7199695849279576
1.1231193736583511,0.5936893359160736,0.9014551171122457,0.0,0.716436290760207
1.1309733552923256,0.5906440025628276,0.9048270524660196,0.0,0.7128896457825363
1.1388273369263,0.587637987917454,0.9081431738250811,0.0,0.7093298687687141
1.1466813185602747,0.5846720336690868,0.9114032766354452,0.0,0.7057571793025542
1.154535300194249,0.5817468716225567,0.9146071597986136,0.0,0.7021717977643724
1.1623892818282235,0.5788632235178279,0.9177546256839813,0.0,0.6985739453173904
1.170243263462198,0.5760218008519213,0.9208454801410262,0.0,0.6949638438940942
1.1780972450961724,0.573223304703363,0.9238795325112866,0.0,0.6913417161825449
1.185951226730147,0.5704684255592027,0.9268565956401208,0.0,0.6877077856126415
1.1938052083641215,0.5677578431446471,0.9297764858882513,0.0,0.684062276342339
1.201659189998096,0.5650922262553475,0.9326390231430941,0.0,0.6804054132438209
1.2095131716320704,0.5624722325923851,0.9354440308298673,0.0,0.6767374218896286
1.2173671532660448,0.5598985085999922,0.938191335922484,0.0,0.6730585285387465
1.2252211349000195,0.5573716893060526,0.9408807689542255,0.0,0.6693689601226457
1.233075116533994,0.5548923981654176,0.9435121640281937,0.0,0.6656689442312855
1.2409290981679684,0.5524612469060775,0.9460853588275453,0.0,0.6619587090990747
1.2487830798019428,0.5500788353782272,0.9486001946255045,0.0,0.658238483590793
1.2566370614359172,0.5477457514062632,0.9510565162951536,0.0,0.6545084971874737
1.264491043069892,0.5454625706437443,0.9534541723190014,0.0,0.6507689799722478
1.2723450247038663,0.5432298564313596,0.9557930147983302,0.0,0.647020162616152
1.2801990063378408,0.5410481596579324,0.9580728994623192,0.0,0.6432622763638991
1.2880529879718152,0.5389180186244963,0.9602936856769431,0.0,0.6394955530196147
1.2959069696057899,0.536839958911477,0.9624552364536475,0.0,0.6357202249325371
1.3037609512397643,0.5348144932490141,0.9645574184577982,0.0,0.6319365249826864
1.3116149328737388,0.5328421213904522,0.9666001020169073,0.0,0.6281446865664984
1.3194689145077132,0.5309233299890339,0.9685831611286311,0.0,0.6243449435824273
1.3273228961416876,0.5290585924778266,0.9705064734685425,0.0,0.6205375304165193
1.3351768777756623,0.5272483689529079,0.9723699203976767,0.0,0.6167226819279525
1.3430308594096367,0.5254931060598461,0.9741733869698493,0.0,0.6129006334345519
1.3508848410436112,0.523793236883495,0.9759167619387473,0.0,0.6090716206982713
1.3587388226775856,0.5221491808411385,0.9775999377647906,0.0,0.6052358799106528
1.36659280431156,0.5205613435790047,0.9792228106217659,0.0,0.6013936476782562
1.3744467859455347,0.5190301168721783,0.9807852804032305,0.0,0.597545161008064
1.3823007675795091,0.517555878527937,0.9822872507286886,0.0,0.5936906572928622
1.3901547492134836,0.5161389922925331,0.9837286289495359,0.0,0.5898303742965962
1.398008730847458,0.5147798077614435,0.9851093261547739,0.0,0.5859645501397047
1.4058627124814325,0.5134786602931135,0.9864292571764953,0.0,0.5820934232844314
1.4137166941154071,0.5122358709262117,0.9876883405951379,0.0,0.5782172325201155
1.4215706757493816,0.5110517463004174,0.9888864987445045,0.0,0.5743362169484615
1.429424657383356,0.5099265785807642,0.9900236577165575,0.0,0.5704506159687912
1.4372786390173304,0.5088606453855504,0.9910997473659747,0.0,0.5665606692632761
1.4451326206513049,0.5078542097178422,0.9921147013144779,0.0,0.5626666167821522
1.4529866022852795,0.5069075199005808,0.9930684569549263,0.0,0.5587686987289188
1.460840583919254,0.5060208095153131,0.9939609554551796,0.0,0.5548671555455226
1.4686945655532284,0.5051942973445586,0.9947921417617265,0.0,0.5509622278975249
1.4765485471872029,0.5044281873178278,0.99556196460308,0.0,0.5470541566592572
1.4844025288211773,0.5037226684613065,0.9962703764929413,0.0,0.5431431828989617
1.492256510455152,0.5030779148512154,0.996917333733128,0.0,0.5392295478639223
1.5001104920891264,0.5024940855708605,0.99750279641627,0.0,0.5353134929655833
1.5079644737231008,0.5019713246713806,0.9980267284282717,0.0,0.5313952597646567
1.5158184553570753,0.501509761136205,0.9984890974505379,0.0,0.5274750899562228
1.5236724369910497,0.5011095088492301,0.99888987496197,0.0,0.5235532253548213
1.5315264186250244,0.500770666566718,0.9992290362407229,0.0,0.5196299078795342
1.5393804002589988,0.5004933178929323,0.9995065603657317,0.0,0.5157053795390641
1.5472343818929732,0.5002775312595076,0.9997224302180006,0.0,0.511779882416805
1.5550883635269477,0.500123359908567,0.9998766324816605,0.0,0.5078536586559103
1.5629423451609221,0.5000308418795849,0.9999691576447898,0.0,0.5039269504443556
1.5707963267948968,0.5,1.0,0.0,0.4999999999999999
1.5786503084288712,0.5000308418795848,0.9999691576447897,0.0,0.49607304955564424
1.5865042900628457,0.5001233599085672,0.9998766324816607,0.0,0.49214634134408963
1.59435827169682,0.5002775312595076,0.9997224302180006,0.0,0.4882201175831949
1.6022122533307945,0.500493317892932,0.9995065603657315,0.0,0.48429462046093585
1.6100662349647692,0.500770666566718,0.9992290362407229,0.0,0.48037009212046566
1.6179202165987436,0.5011095088492299,0.9988898749619699,0.0,0.47644677464517854
1.625774198232718,0.5015097611362049,0.9984890974505378,0.0,0.472524910043777
1.6336281798666925,0.5019713246713805,0.9980267284282716,0.0,0.4686047402353432
1.641482161500667,0.5024940855708605,0.99750279641627,0.0,0.46468650703441666
1.6493361431346416,0.5030779148512156,0.9969173337331279,0.0,0.4607704521360774
1.657190124768616,0.5037226684613066,0.9962703764929414,0.0,0.4568568171010383
1.6650441064025905,0.5044281873178278,0.99556196460308,0.0,0.4529458433407428
1.672898088036565,0.5051942973445586,0.9947921417617265,0.0,0.4490377721024749
1.6807520696705394,0.5060208095153131,0.9939609554551796,0.0,0.44513284445447737
1.688606051304514,0.5069075199005808,0.9930684569549262,0.0,0.44123130127108107
1.6964600329384885,0.5078542097178422,0.9921147013144779,0.0,0.4373333832178478
1.704314014572463,0.5088606453855504,0.9910997473659747,0.0,0.4334393307367238
1.7121679962064373,0.5099265785807643,0.9900236577165576,0.0,0.4295493840312087
1.7200219778404118,0.5110517463004174,0.9888864987445045,0.0,0.4256637830515385
1.7278759594743864,0.5122358709262117,0.9876883405951377,0.0,0.4217827674798844
1.7357299411083609,0.5134786602931137,0.9864292571764954,0.0,0.41790657671556847
1.7435839227423353,0.5147798077614435,0.9851093261547739,0.0,0.41403544986029517
1.7514379043763098,0.5161389922925331,0.9837286289495359,0.0,0.41016962570340376
1.7592918860102844,0.517555878527937,0.9822872507286886,0.0,0.4063093427071376
1.7671458676442588,0.5190301168721784,0.9807852804032304,0.0,0.40245483899193585
1.7749998492782333,0.5205613435790046,0.9792228106217656,0.0,0.39860635232174363
1.7828538309122077,0.5221491808411387,0.9775999377647907,0.0,0.39476412008934714
1.7907078125461822,0.523793236883495,0.9759167619387473,0.0,0.39092837930172875
1.7985617941801568,0.525493106059846,0.9741733869698491,0.0,0.387099366565448
1.8064157758141313,0.527248368952908,0.9723699203976766,0.0,0.3832773180720473
1.8142697574481057,0.5290585924778268,0.9705064734685426,0.0,0.3794624695834807
1.8221237390820801,0.5309233299890341,0.9685831611286312,0.0,0.3756550564175726
1.8299777207160546,0.5328421213904522,0.9666001020169073,0.0,0.3718553134335017
1.8378317023500292,0.5348144932490142,0.9645574184577981,0.0,0.36806347501731346
1.8456856839840037,0.536839958911477,0.9624552364536473,0.0,0.36427977506746273
1.8535396656179781,0.5389180186244963,0.9602936856769431,0.0,0.3605044469803853
1.8613936472519526,0.5410481596579323,0.958072899462319,0.0,0.3567377236361008
1.869247628885927,0.5432298564313596,0.95579301479833,0.0,0.35297983738384797
1.8771016105199017,0.5454625706437441,0.9534541723190012,0.0,0.34923102002775214
1.884955592153876,0.5477457514062631,0.9510565162951534,0.0,0.34549150281252616
1.8928095737878505,0.5500788353782274,0.9486001946255046,0.0,0.3417615164092069
1.900663555421825,0.5524612469060775,0.9460853588275453,0.0,0.3380412909009253
1.9085175370557994,0.5548923981654175,0.9435121640281935,0.0,0.33433105576871447
1.916371518689774,0.5573716893060527,0.9408807689542253,0.0,0.3306310398773542
1.9242255003237485,0.5598985085999925,0.9381913359224842,0.0,0.32694147146125346
1.932079481957723,0.5624722325923851,0.9354440308298673,0.0,0.3232625781103714
1.9399334635916974,0.5650922262553475,0.9326390231430941,0.0,0.3195945867561791
1.9477874452256718,0.5677578431446471,0.9297764858882513,0.0,0.315937723657661
1.9556414268596465,0.5704684255592029,0.9268565956401207,0.0,0.3122922143873584
1.963495408493621,0.573223304703363,0.9238795325112866,0.0,0.3086582838174551
1.9713493901275954,0.5760218008519213,0.9208454801410262,0.0,0.3050361561059058
1.9792033717615698,0.5788632235178278,0.917754625683981,0.0,0.30142605468260963
1.9870573533955442,0.5817468716225567,0.9146071597986136,0.0,0.2978282022356275
1.994911335029519,0.584672033669087,0.9114032766354452,0.0,0.2942428206974455
2.0027653166634933,0.587637987917454,0.9081431738250811,0.0,0.2906701312312859
2.0106192982974678,0.5906440025628275,0.9048270524660194,0.0,0.2871103542174636
2.018473279931442,0.5936893359160736,0.9014551171122457,0.0,0.283563709239793
2.0263272615654166,0.596773236586756,0.8980275757606155,0.0,0.2800304150720424
2.034181243199391,0.599894943668529,0.8945446398380251,0.0,0.2765106896644395
2.0420352248333655,0.6030536869268815,0.8910065241883679,0.0,0.2730047501302266
2.0498892064673404,0.6062486869891806,0.887413447059283,0.0,0.2695128127322686
2.057743188101315,0.6094791555369675,0.8837656300886932,0.0,0.26603509286971316
2.0655971697352893,0.6127442955004672,0.8800632982911318,0.0,0.26257180506470257
2.0734511513692637,0.6160433012552508,0.8763066800438635,0.0,0.2591231629491423
2.081305133003238,0.6193753588210128,0.8724960070727971,0.0,0.25568937925152246
2.0891591146372126,0.6227396460624072,0.8686315144381913,0.0,0.25227066578379626
2.097013096271187,0.6261353328918983,0.8647134405201551,0.0,0.2488672334283137
2.1048670779051615,0.6295615814745711,0.8607420270039436,0.0,0.24547929212481437
2.112721059539136,0.6330175464348565,0.8567175188650497,0.0,0.2421070508574763
2.1205750411731104,0.6365023750651132,0.8526401643540922,0.0,0.23875071764202557
2.1284290228070852,0.6400152075360215,0.8485102149815036,0.0,0.23541049951290458
2.1362830044410597,0.643555177108732,0.844327925502015,0.0,0.2320866025105016
2.144136986075034,0.6471214103487231,0.8400935538989418,0.0,0.22877923166844052
2.1519909677090086,0.6507130273413049,0.8358073613682702,0.0,0.22548859100093407
2.159844949342983,0.6543291419087276,0.8314696123025451,0.0,0.22221488349019883
2.1676989309769574,0.6579688618288306,0.8270805742745618,0.0,0.21895831107393465
2.175552912610932,0.6616312890551859,0.8226405180208598,0.0,0.215719074632868
2.1834068942449063,0.6653155199386773,0.8181497174250235,0.0,0.21249737397836074
2.1912608758788807,0.6690206454504627,0.813608449500787,0.0,0.2092934078400847
2.199114857512855,0.6727457514062629,0.8090169943749473,0.0,0.20610737385376346
2.20696883914683,0.6764899186919242,0.8043756352700843,0.0,0.20293946854898062
2.2148228207808045,0.6802522234901928,0.7996846584870904,0.0,0.19978988733705785
2.222676802414779,0.6840317375086569,0.7949443533875099,0.0,0.19665882449900007
2.2305307840487534,0.6878275282087863,0.7901550123756903,0.0,0.1935464731735117
2.238384765682728,0.6916386590360237,0.7853169308807448,0.0,0.19045302534508296
2.2462387473167023,0.6954641896508644,0.7804304073383297,0.0,0.18737867183214738
2.2540927289506767,0.6993031761608719,0.7754957431722345,0.0,0.18432360227531114
2.261946710584651,0.7031546713535689,0.7705132427757893,0.0,0.18128800512565516
2.2698006922186256,0.7070177249301478,0.7654832134930882,0.0,0.17827206763311057
2.2776546738526,0.7108913837399421,0.7604059656000309,0.0,0.1752759758349082
2.285508655486575,0.7147746920156046,0.7552818122851834,0.0,0.17229991454410293
2.2933626371205493,0.7186666916089239,0.7501110696304594,0.0,0.16934406733817398
2.3012166187545238,0.7225664222272389,0.744894056591622,0.0,0.1664086165477001
2.309070600388498,0.7264729216703716,0.7396310949786096,0.0,0.1634937432451133
2.3169245820224726,0.7303852260680389,0.7343225094356854,0.0,0.16059962723352908
2.324778563656447,0.7343023701176716,0.7289686274214114,0.0,0.15772644703565564
2.3326325452904215,0.7382233873225893,0.7235697791884493,0.0,0.1548743798827814
2.340486526924396,0.7421473102304681,0.7181262977631888,0.0,0.15204360170384282
2.3483405085583704,0.7460731706720449,0.7126385189252054,0.0,0.14923428711457212
2.356194490192345,0.75,0.7071067811865477,0.0,0.1464466094067263
2.3640484718263197,0.7539268293279552,0.7015314257708555,0.0,0.14368074053739718
2.371902453460294,0.7578526897695324,0.6959127965923142,0.0,0.1409368511184055
2.3797564350942686,0.7617766126774107,0.690251240234437,0.0,0.13821511040577528
2.387610416728243,0.7656976298823285,0.6845471059286885,0.0,0.13551568628929417
2.3954643983622175,0.7696147739319612,0.6788007455329417,0.0,0.1328387452821572
2.403318379996192,0.7735270783296285,0.6730125135097732,0.0,0.1301844525106951
2.4111723616301663,0.7774335777727613,0.6671827669045997,0.0,0.12755297170418897
2.419026343264141,0.7813333083910762,0.6613118653236519,0.0,0.12494446518477025
2.4268803248981152,0.7852253079843956,0.6554001709117939,0.0,0.12235909385740823
2.4347343065320897,0.7891086162600578,0.6494480483301838,0.0,0.11979701719998456
2.4425882881660645,0.7929822750698525,0.6434558647337788,0.0,0.11725839325345584
2.450442269800039,0.7968453286464314,0.6374239897486895,0.0,0.1147433786121053
2.4582962514340134,0.8006968238391283,0.6313527954493776,0.0,0.11225212841388271
2.466150233067988,0.8045358103491357,0.625242656335705,0.0,0.10978479633083507
2.4740042147019623,0.8083613409639765,0.6190939493098339,0.0,0.10734153455962749
2.4818581963359367,0.8121724717912137,0.6129070536529765,0.0,0.10492249381215481
2.489712177969911,0.815968262491343,0.6066823510019996,0.0,0.10252782330624496
2.4975661596038856,0.8197477765098072,0.6004202253258841,0.0,0.10015767075645475
2.50542014123786,0.8235100813080758,0.5941210629020385,0.0,0.09781218236495776
2.5132741228718345,0.8272542485937368,0.5877852522924731,0.0,0.0954915028125263
2.5211281045058094,0.8309793545495375,0.5814131843198304,0.0,0.0931957752496064
2.528982086139784,0.8346844800613231,0.5750052520432783,0.0,0.09092514128748821
2.5368360677737583,0.8383687109448145,0.5685618507342638,0.0,0.08867974098957003
2.5446900494077327,0.8420311381711695,0.5620833778521305,0.0,0.08645971286271904
2.552544031041707,0.8456708580912727,0.5555702330196022,0.0,0.08426519384872735
2.5603980126756816,0.8492869726586953,0.5490228179981317,0.0,0.08209631931586484
2.568251994309656,0.8528785896512773,0.5424415366631188,0.0,0.07995322305052904
2.5761059759436304,0.8564448228912682,0.5358267949789967,0.0,0.07783603724899248
2.583959957577605,0.8599847924639786,0.5291790009741907,0.0,0.07574489250924818
2.5918139392115798,0.8634976249348871,0.5224985647159486,0.0,0.0736799178229538
2.599667920845554,0.8669824535651433,0.5157858982850472,0.0,0.0716412405674751
2.6075219024795286,0.8704384185254288,0.509041415750371,0.0,0.06962898649802811
2.615375884113503,0.8738646671081018,0.5022655331433723,0.0,0.06764327973992242
2.6232298657474775,0.877260353937593,0.4954586684324074,0.0,0.06568424278090433
2.631083847381452,0.8806246411789871,0.4886212414969548,0.0,0.06375199646360141
2.6389378290154264,0.883956698744749,0.48175367410171516,0.0,0.06184665997806818
2.646791810649401,0.8872557044995328,0.4748563898705946,0.0,0.05996835085443403
2.6546457922833753,0.8905208444630327,0.4679298142605734,0.0,0.058117184955653295
2.6624997739173497,0.8937513130108198,0.4609743745354624,0.0,0.056293276470358394
2.6703537555513246,0.8969463130731185,0.4539904997395465,0.0,0.054496737905815995
2.678207737185299,0.9001050563314711,0.4469786206711208,0.0,0.05272768008098739
2.6860617188192735,0.9032267634132441,0.4399391698559149,0.0,0.05098621211969213
2.693915700453248,0.9063106640839265,0.43287258152041375,0.0,0.04927244144387711
2.7017696820872223,0.9093559974371725,0.42577929156507255,0.0,0.047586473766990205
2.709623663721197,0.9123620120825462,0.418659737537428,0.0,0.045928413087459326
2.7174776453551712,0.915327966330913,0.4115143586051087,0.0,0.044298361682277354
2.7253316269891457,0.9182531283774436,0.404343595528745,0.0,0.0426964201006932
2.73318560862312,0.9211367764821721,0.3971478906347806,0.0,0.04112268715800943
2.7410395902570945,0.9239781991480784,0.3899276877881883,0.0,0.03957725992948689
2.7488935718910694,0.9267766952966368,0.38268343236508945,0.0,0.03806023374435656
2.756747553525044,0.9295315744407974,0.3754155712252828,0.0,0.03657170217993954
2.7646015351590183,0.9322421568553529,0.36812455268467775,0.0,0.03511175705587426
2.7724555167929927,0.9349077737446527,0.3608108264876416,0.0,0.0336804884284529
2.780309498426967,0.9375277674076151,0.35347484377925703,0.0,0.03227798458506631
2.7881634800609416,0.940101491400008,0.3461170570774929,0.0,0.030904332038757913
2.796017461694916,0.9426283106939476,0.33873792024529137,0.0,0.029559615522887255
2.8038714433288905,0.9451076018345824,0.33133788846257095,0.0,0.028243917985903203
2.811725424962865,0.9475387530939224,0.3239174181981494,0.0,0.026957320586227344
2.8195794065968394,0.9499211646217726,0.3164769671815862,0.0,0.025699902687247696
2.8274333882308142,0.952254248593737,0.3090169943749471,0.0,0.02447174185242316
2.8352873698647887,0.9545374293562561,0.30153795994449545,0.0,0.02327291384049934
2.843141351498763,0.9567701435686407,0.2940403252323037,0.0,0.022103492600834898
2.8509953331327376,0.9589518403420676,0.2865245527277981,0.0,0.020963550268840385
2.858849314766712,0.9610819813755037,0.2789911060392291,0.0,0.019853157161528443
2.8667032964006864,0.9631600410885232,0.27144044986507415,0.0,0.018772381773176344
2.874557278034661,0.965185506750986,0.26387304996537286,0.0,0.017721290771100948
2.8824112596686353,0.9671578786095476,0.2562893731329966,0.0,0.016699948991546344
2.8902652413026098,0.9690766700109661,0.24868988716485482,0.0,0.015708419435684445
2.898119222936584,0.9709414075221732,0.2410750608330387,0.0,0.014746763265728777
2.905973204570559,0.972751631047092,0.23344536385590509,0.0,0.01381503980116166
2.9138271862045335,0.9745068939401541,0.22580126686910343,0.0,0.012913306515075301
2.921681167838508,0.976206763116505,0.21814324139654231,0.0,0.012041619030626274
2.9295351494724824,0.9778508191588613,0.21047175982130548,0.0,0.011200031117604637
2.937389131106457,0.9794386564209953,0.20278729535651235,0.0,0.010388594689117094
2.9452431127404313,0.9809698831278219,0.19509032201612816,0.0,0.009607359798384766
2.9530970943744057,0.9824441214720627,0.18738131458572455,0.0,0.008856374635655653
2.96095107600838,0.9838610077074669,0.17966074859319253,0.0,0.008135685525232054
2.9688050576423546,0.9852201922385563,0.17192910027940955,0.0,0.007445336922613043
2.976659039276329,0.9865213397068866,0.164186846568863,0.0,0.006785371411752266
2.984513020910304,0.9877641290737883,0.15643446504023054,0.0,0.0061558297024311105
2.9923670025442783,0.9889482536995825,0.14867243389692272,0.0,0.005556750627747688
3.000220984178253,0.990073421419236,0.14090123193758244,0.0,0.0049881711417211995
3.008074965812227,0.9911393546144496,0.13312133852655217,0.0,0.004450126317012593
3.0159289474462017,0.9921457902821578,0.1253332335643041,0.0,0.003942649342761075
3.023782929080176,0.9930924800994193,0.11753739745783755,0.0,0.003465771522536846
3.0316369107141505,0.9939791904846869,0.10973431109104521,0.0,0.0030195222724101528
3.039490892348125,0.9948057026554413,0.10192445579505002,0.0,0.002603929119136765
3.0473448739820994,0.9955718126821723,0.09410831331851435,0.0,0.0022190176984599953
3.0551988556160743,0.9962773315386936,0.08628636579792301,0.0,0.0018648117535293455
3.0630528372500487,0.9969220851487843,0.07845909572784461,0.0,0.001541333133435999
3.070906818884023,0.9975059144291393,0.0706269859311664,0.0,0.0012486017918649423
3.0787608005179976,0.9980286753286196,0.06279051952931314,0.0,0.0009866357858642114
3.086614782151972,0.9984902388637947,0.05495017991244555,0.0,0.0007554512747310264
3.0944687637859465,0.99889049115077,0.04710645070964251,0.0,0.0005550625190150103
3.102322745419921,0.9992293334332818,0.039259815759068506,0.0,0.00038548187963853065
3.1101767270538954,0.9995066821070678,0.031410759078128236,0.0,0.0002467198171342206
3.11803070868787,0.9997224687404924,0.023559764833610143,0.0,0.0001387848909997231
3.1258846903218442,0.9998766400914327,0.015707317311820707,0.0,6.168375916970092e-05
3.133738671955819,0.999969158120415,0.007853900888710968,0.0,1.5421177605142463e-05
3.141592653589793,1.0,1.2246467991473532e-16,0.0,3.749399456654644e-33
